"datetime","text"
"2026-04-01T07:08:31","April Fool's Day debrief: everyone was good-natured. Love that."
"2026-04-01T07:17:31","Googled whether April Fool's Day is real. The internet said yes — probably."
"2026-04-01T07:19:51","Keeping the mischief light and the smiles big today."
"2026-04-01T07:43:12","Starting April Fool's Day wondering if my coffee is secretly decaf."
"2026-04-01T07:58:35","April Fool's Day delivered. Already looking forward to next year."
"2026-04-01T08:03:42","April Fool's Day coffee tastes exactly the same, thankfully."
"2026-04-01T08:04:44","Embracing the chaos of today with a big smile."
"2026-04-01T08:06:00","Told my plant a joke this morning. It didn't laugh, but it's growing on me."
"2026-04-01T08:07:46","April Fool's Day vibes: lighthearted, playful, full of smiles."
"2026-04-01T08:10:30","Planning to end today with a smile. Solid plan."
"2026-04-01T08:21:17","Spring and April Fool's together? Double the good energy."
"2026-04-01T08:32:44","Fresh starts feel even better with a little sunshine."
"2026-04-01T08:33:18","Wore mismatched socks on purpose today. No one noticed. Or everyone did."
"2026-04-01T08:46:15","Convinced myself the weekend starts today. It doesn't. Still fun to believe."
"2026-04-01T08:54:31","What a genuinely fun day. April, you're off to a great start."
"2026-04-01T08:56:30","April Fool's Day is basically a free pass to be extra silly today."
"2026-04-01T09:09:31","Keeping today's energy exactly like this: fun, warm, and kind."
"2026-04-01T09:18:47","April Fool's Day energy: not sure what's real, but showing up anyway."
"2026-04-01T09:22:08","My to-do list said 'have fun today.' Best task ever."
"2026-04-01T09:23:02","Convinced a coworker I learned to juggle over the weekend. Will need to learn juggling now."
"2026-04-01T09:34:39","April Fool's Day fading out. Gratitude and good vibes taking over."
"2026-04-01T09:47:32","Goodnight world. Thanks for the laughs today."
"2026-04-01T09:49:55","The joy of April 1st is that everyone's a little more playful."
"2026-04-01T09:52:30","Grateful for silly days that remind us not to take everything so seriously."
"2026-04-01T10:09:08","Reminded a friend it was April Fool's Day. They'd completely forgotten. Got them."
"2026-04-01T10:10:29","Today was goofy and I loved every second of it."
"2026-04-01T10:13:42","Spotted spring blooms on the way to work. Real ones, not fake — I checked."
"2026-04-01T10:20:05","Wrapped up April 1st feeling genuinely cheerful."
"2026-04-01T10:29:14","The birds outside don't care about pranks. Just singing away. Respect."
"2026-04-01T10:34:13","The best part of April Fool's Day: everyone is in a playful mood."
"2026-04-01T10:44:56","One good laugh in the morning sets a great tone for the whole day."
"2026-04-01T10:46:45","The best April Fool's prank is just being genuinely kind. Truly shocks people."
"2026-04-01T10:56:03","April mornings just feel full of possibility."
"2026-04-01T10:59:53","Laughing is free and today there's plenty of it to go around."
"2026-04-01T11:02:54","Best first day of April in recent memory. Resetting for tomorrow."
"2026-04-01T11:08:57","April mornings feel like spring is finally keeping its promises."
"2026-04-01T11:14:30","April Fool's Day: the one day everyone becomes a comedy writer."
"2026-04-01T11:18:05","Night mode: on. Smile: still on."
"2026-04-01T11:19:39","Embracing the silly energy of today wholeheartedly."
"2026-04-01T11:36:38","Nothing like a little harmless mischief to make Wednesday feel special."
"2026-04-01T11:42:48","Starting the morning with a laugh is honestly the best way to begin any day."
"2026-04-01T11:47:19","Organizing my space and my thoughts today."
"2026-04-01T11:57:27","April Fool's Day is basically the universe's way of saying 'lighten up a little'."
"2026-04-01T12:02:01","Told a dad joke at breakfast. Dad would be proud."
"2026-04-01T12:02:48","Grateful for every smile today brought. There were many."
"2026-04-01T12:05:15","Survived April Fool's Day with dignity mostly intact."
"2026-04-01T12:19:02","Good morning! May your day be prank-free or at least prank-fun."
"2026-04-01T12:25:14","April Fool's sign-off: go rest, dream well, prank responsibly."
"2026-04-01T12:34:29","Taking a moment today to write down what I’m grateful for."
"2026-04-01T12:35:11","Today's final score: joy — lots. Regrets — none."
"2026-04-01T12:36:56","April Fool's tip: the best jokes leave everyone laughing, including the recipient."
"2026-04-01T12:41:45","April Fool's Day is genuinely one of my favourite days."
"2026-04-01T13:02:36","Ending tonight reflecting on a day well spent — laughing mostly."
"2026-04-01T13:12:10","Closed out today feeling light, happy, and just a little silly."
"2026-04-01T13:13:28","A day full of laughter is never wasted."
"2026-04-01T13:13:30","Best April Fool's prank ever: waking up in a great mood."
"2026-04-01T13:21:51","Sleep well, everyone. Tomorrow we resume being serious. Maybe."
"2026-04-01T13:28:13","Good days and good laughs — that's the dream, and today delivered."
"2026-04-01T13:28:33","Today was the kind of day you want to bookmark and revisit."
"2026-04-01T13:31:30","Jokes aside, spring really is the most cheerful season."
"2026-04-01T13:35:58","Wore my lucky socks. Need all the prank-deflecting energy I can get."
"2026-04-01T13:38:16","April 1st feels like the world collectively decided to be a little funnier."
"2026-04-01T13:39:50","Spring air, good coffee, and harmless pranks — ideal morning."
"2026-04-01T13:43:04","Celebrated April 1st by making a really great breakfast. No tricks, just eggs."
"2026-04-01T13:49:57","April 1st energy: expect the unexpected, appreciate the ordinary."
"2026-04-01T13:51:08","Nothing like April 1st to make you double-check every meeting invite."
"2026-04-01T13:51:09","Appreciating everyone who keeps today fun and not mean-spirited."
"2026-04-01T13:52:06","April Fool's tip: pick pranks as warm as the spring sunshine."
"2026-04-01T14:05:31","April Fool's Day playlist: all songs that make you smile."
"2026-04-01T14:09:00","Treated myself to a fancy coffee. No prank involved, just joy."
"2026-04-01T14:09:52","Grateful for slow moments and deep breaths."
"2026-04-01T14:11:13","Today feels like a holiday because it basically is."
"2026-04-01T14:15:50","Celebrated April Fool's Day by doing something nice for someone. Baffled them."
"2026-04-01T14:20:56","My plant has been pranking me by growing sideways. Fair enough."
"2026-04-01T14:22:08","Everyone should be required to tell one good joke today."
"2026-04-01T14:23:16","Decided my prank today would be finishing everything on my to-do list."
"2026-04-01T14:23:33","Wrapping up with warm thoughts and a playlist still going in the background."
"2026-04-01T14:35:11","Laughed so hard this morning my coffee got cold. Worth it."
"2026-04-01T14:39:30","Made someone smile today. That's my favourite kind of prank."
"2026-04-01T14:46:26","My cat looked suspicious of me all morning. Smart animal."
"2026-04-01T14:53:08","Today's affirmation: I am a beacon of good vibes and mild mischief."
"2026-04-01T15:00:57","April 1st is proof that laughter really is the best medicine."
"2026-04-01T15:03:38","Turned my profile photo upside down. Very sophisticated humor."
"2026-04-01T15:09:37","The sky is genuinely blue today. Not a prank. Gorgeous."
"2026-04-01T15:21:51","April 1st is a great reminder that fun is always within reach."
"2026-04-01T15:26:49","Pulled the classic 'there's something on your shirt' gag. Still works."
"2026-04-01T15:27:55","Went for a refreshing walk and it set the tone for the day."
"2026-04-01T15:33:42","April 1st: checked. Pranked: maybe. Smiling: definitely."
"2026-04-01T15:45:06","Today is proof that joy can be a group activity."
"2026-04-01T15:48:24","April Fool's Day: sanctioned silliness since forever."
"2026-04-01T15:55:40","The best part of April Fool's Day is always the laughter shared afterward."
"2026-04-01T15:55:51","Nothing beats the feeling of a lighthearted morning."
"2026-04-01T16:07:20","Someone left a sticky note that said 'out of order' on the coffee machine. Cruel."
"2026-04-01T16:18:03","Took a deep breath of spring air this morning. Not a prank — genuinely lovely."
"2026-04-01T16:18:28","Started a 'compliment someone unexpectedly' prank. Going well so far."
"2026-04-01T16:30:31","April 1st reminder: take everything with a smile and a grain of salt."
"2026-04-01T16:31:00","Today's mission: spread good vibes, dodge pranks, repeat."
"2026-04-01T16:33:23","Decided my April Fool's prank is relentless optimism. Works every time."
"2026-04-01T16:47:47","Goodnight from someone who had a thoroughly delightful April 1st."
"2026-04-01T16:49:21","Kicking off April Fool's Day with good music and mild suspicion of everyone."
"2026-04-01T16:58:43","Every email today gets an extra read before I react. Just being wise."
"2026-04-01T16:59:18","Sent a 'you've won a free coffee' text to my best friend. They were excited. Then suspicious."
"2026-04-01T17:16:46","Checked my alarm clock three times this morning — it's April 1st, can't be too careful."
"2026-04-01T17:18:57","Ending April 1st with a grateful heart and sore cheeks from smiling."
"2026-04-01T17:27:54","Sent a 'the printer is out of ink' prank email. Classic. Never gets old."
"2026-04-01T17:31:08","April, you came in swinging with joy and I'm here for it."
"2026-04-01T17:36:05","Cheers to April Fool's Day — where every 'news' headline gets a second look."
"2026-04-01T17:36:43","Absolutely thriving on April 1st energy."
"2026-04-01T17:42:14","The flowers outside don't know it's April Fool's Day. They just bloom anyway."
"2026-04-01T17:45:06","Baked muffins that look like cupcakes. Is that a prank or a treat? Both."
"2026-04-01T17:48:04","Finished the day with more smiles than I started with. Winning."
"2026-04-01T18:05:08","Feeling grateful for the kind of friends who keep pranks fun and friendly."
"2026-04-01T18:08:32","Morning coffee, good music, and April Fool's Day — solid combo."
"2026-04-01T18:14:36","Trying a new recipe tonight to celebrate day one."
"2026-04-01T18:14:37","Starting today with gratitude and a willingness to laugh at myself."
"2026-04-01T18:24:05","Spent five minutes wondering if my alarm was a prank. It was not."
"2026-04-01T18:24:08","Keeping today light, fun, and full of good energy."
"2026-04-01T19:00:04","Showed up to my morning call wearing a party hat. Zero regrets."
"2026-04-01T19:01:10","Today confirmed: the world is a little more fun when people are playful."
"2026-04-01T19:42:10","Small steps today can turn into big changes later."
"2026-04-01T20:01:46","Nothing like a little levity to make the day brighter."
"2026-04-01T20:09:08","Put googly eyes on everything in the fridge. Very professional."
"2026-04-01T20:12:45","Tucking in tonight with a big smile. What a day."
"2026-04-01T20:15:37","Closing today's chapter with laughter still echoing. Perfect."
"2026-04-01T20:30:01","Keep your friends close and your snacks closer — especially today."
"2026-04-01T20:48:18","Decided to prank myself by being incredibly productive today. Fooled everyone."
"2026-04-01T21:00:04","Found a sunny spot and sat in it for exactly as long as I needed."
"2026-04-01T21:02:02","April has entered its confident phase and it suits the month well."
"2026-04-01T21:06:23","Brought a friend on today's hike. They're already planning the next one."
"2026-04-01T21:06:34","Found a great new podcast and now I look forward to my commute."
"2026-04-01T21:06:58","Ending the day feeling calm and optimistic."
"2026-04-01T21:26:50","Walked somewhere new and found something lovely. Weekend magic."
"2026-04-01T21:27:15","Did something kind for a stranger today. Low effort, high reward."
"2026-04-01T21:31:32","Wrote a post-it on the mirror that said 'you're being pranked right now'. Confused myself."
"2026-04-01T21:35:19","Sent the weekend invite to myself. Accepted immediately."
"2026-04-01T21:36:31","Week off to a strong start. Compounding from here."
"2026-04-01T21:54:58","Two days well spent. April weekend: full marks."
"2026-04-01T21:56:34","Grateful for all the little things that didn't go wrong today."
"2026-04-01T22:03:47","Bought a wildflower identification guide at the market. Using it immediately."
"2026-04-01T22:05:03","Opened the window first thing and the morning air just walked in like it owned the place."
"2026-04-01T22:11:33","Wrapping up the first day of April on a happy note."
"2026-04-01T22:13:30","April is the kind of month that earns its reputation."
"2026-04-01T22:19:50","Today had a nice hum to it. Everything just felt right."
"2026-04-01T22:37:59","Read outside today and the birds provided a very pleasing soundtrack."
"2026-04-01T22:53:11","Convinced a friend the clocks changed today. Almost got away with it."
"2026-04-02T07:14:05","Ticked off half my to-do list before noon. Absolutely thriving."
"2026-04-02T07:17:34","Made someone laugh today. Unofficial goal, always completed."
"2026-04-02T07:23:23","April continues to deliver on all fronts."
"2026-04-02T07:28:18","That's a wrap on Thursday. Solid performance, everyone."
"2026-04-02T07:44:30","April 2nd: gentle, productive, lovely."
"2026-04-02T07:51:52","Today felt balanced. Work, rest, a bit of fun."
"2026-04-02T07:52:59","Fresh air, warm sun, decent coffee. Solid Thursday."
"2026-04-02T07:58:41","Day two of April and the motivation is still strong."
"2026-04-02T08:01:48","Spring smells incredible after a little rain. So glad I noticed."
"2026-04-02T08:08:35","Found a great new spot to sit and read. Bookmarking it forever."
"2026-04-02T08:11:36","Small wins today: found my other sock, remembered to hydrate."
"2026-04-02T08:14:19","Wrapped up the day with a solid dinner and even better conversation."
"2026-04-02T08:26:02","Afternoon walk recharged everything."
"2026-04-02T08:28:35","Nights like this make everything feel manageable and good."
"2026-04-02T08:34:58","Spring has officially won me over. No competition."
"2026-04-02T08:36:04","Winding down tonight feeling satisfied and calm."
"2026-04-02T08:46:30","Cool air and clear skies make today feel refreshing."
"2026-04-02T08:48:00","Evening wrap-up: productive, pleasant, peaceful. Three P's of Thursday."
"2026-04-02T08:50:32","Every productive hour today was followed by a proper break. Balance."
"2026-04-02T08:53:54","Paused to notice a really pretty tree on my walk. Stopped and stared."
"2026-04-02T09:07:10","Today added a few good things to the memory bank."
"2026-04-02T09:21:06","Morning routines make everything feel more grounded."
"2026-04-02T09:26:20","Today's affirmation: slow and steady, eyes open, heart full."
"2026-04-02T09:36:32","The sky looked incredible at dusk. Pulled over to watch."
"2026-04-02T09:42:01","Had a really good conversation today. Those don't happen by accident."
"2026-04-02T09:43:09","Spring air hit differently on the walk in today."
"2026-04-02T09:46:17","Stayed present today more than usual. Noticed more. Liked more."
"2026-04-02T09:48:46","Spring is doing its absolute best right now and I see it."
"2026-04-02T09:56:38","Thursday is basically a warm-up for Friday. Love that."
"2026-04-02T10:07:10","April 2nd, you were exactly what we needed."
"2026-04-02T10:08:19","Gratitude list tonight is long. That's a good sign."
"2026-04-02T10:09:03","Spring evenings are made for walking and podcasts."
"2026-04-02T10:31:11","Grateful for Thursday as a concept and today as an execution."
"2026-04-02T10:33:16","Feeling grateful for consistent days that quietly build something."
"2026-04-02T10:36:20","Good energy is contagious and today's crowd had plenty."
"2026-04-02T10:44:18","Enjoying a productive April start, despite checking twice if anything is a prank."
"2026-04-02T10:59:09","Short walk, long exhale, better afternoon. Formula works."
"2026-04-02T11:09:07","Feeling at home in April. Good fit."
"2026-04-02T11:12:45","Thursday has a quiet confidence I really respect."
"2026-04-02T11:39:12","Thursday accomplished. Energy intact. Ready for tomorrow."
"2026-04-02T11:40:54","Tomorrow is Friday and tonight is good. What more do you need."
"2026-04-02T11:56:35","Ended the night with good music and a quiet mind. Perfect."
"2026-04-02T11:58:54","Taking time to enjoy the process, not just the results."
"2026-04-02T12:07:12","Appreciated the slow parts of today as much as the productive ones."
"2026-04-02T12:08:07","Found a quote today that I wrote down. Good words stay with you."
"2026-04-02T12:15:15","Simple day, full heart. That's the goal."
"2026-04-02T12:16:39","Remembering to take breaks and stay hydrated."
"2026-04-02T12:20:39","Today felt intentional and I'm proud of that."
"2026-04-02T12:30:06","Spring is the best season and April is the best month in it."
"2026-04-02T12:33:11","The world looks brighter when you get outside for five minutes."
"2026-04-02T12:35:00","Took a proper lunch break today. Radical act, highly recommend."
"2026-04-02T12:36:45","Staying curious is the secret to making any day interesting."
"2026-04-02T12:37:49","Grateful heart, full day, good night."
"2026-04-02T12:38:01","Grateful for a good night's sleep and a fresh start."
"2026-04-02T12:52:19","Small moments of connection today made the whole day sparkle."
"2026-04-02T13:10:33","Goodnight from a very content Thursday evening."
"2026-04-02T13:11:37","Nature is putting on a show right now and tickets are free."
"2026-04-02T13:12:27","Spring has that way of making even errands feel pleasant."
"2026-04-02T13:13:31","April is officially settling into its rhythm."
"2026-04-02T13:17:06","April days are just better when the sun is out."
"2026-04-02T13:21:21","Spring Thursday complete. Already looking forward to Friday."
"2026-04-02T13:24:26","Another good Thursday added to the collection."
"2026-04-02T13:27:58","Got a lot done today without feeling rushed. Rare and precious."
"2026-04-02T13:33:42","Signed off from work feeling genuinely accomplished. Rare and great."
"2026-04-02T13:34:15","Feeling productive and calm — best combo."
"2026-04-02T13:39:24","A little planning today goes a long way."
"2026-04-02T13:39:43","Nothing says spring like a light jacket and good energy."
"2026-04-02T13:41:15","The week is flying by in the best way."
"2026-04-02T13:51:37","Today was the kind of day you want more of. Noted."
"2026-04-02T13:59:30","Feeling settled and content tonight. April really is lovely."
"2026-04-02T13:59:51","April is proving to be everything I hoped for."
"2026-04-02T14:08:48","Today's mood: grateful, grounded, slightly obsessed with spring."
"2026-04-02T14:11:06","Morning coffee appreciated more than usual today."
"2026-04-02T14:12:53","Counting blessings tonight and the count keeps going."
"2026-04-02T14:12:54","Today reminded me that little things really do add up."
"2026-04-02T14:15:26","Another day of quiet progress. Building something."
"2026-04-02T14:18:41","Closing this chapter with deep satisfaction and a warm cup of tea."
"2026-04-02T14:19:10","April evenings deserve their own fan club. Starting one now."
"2026-04-02T14:28:16","A short walk did wonders for my energy."
"2026-04-02T14:32:37","Noticed I've been more patient this week. Growth."
"2026-04-02T14:36:09","Winding down with the kind of tiredness that feels earned."
"2026-04-02T14:46:45","April keeps delivering and I keep appreciating it."
"2026-04-02T14:51:16","Dinner was good. Company was better."
"2026-04-02T15:02:11","Found a new playlist that perfectly fits April."
"2026-04-02T15:03:36","Afternoon productivity hit different today. Riding it."
"2026-04-02T15:13:42","Made a good cup of tea and just sat with it. Life skill."
"2026-04-02T15:34:27","Ending tonight with a sense of things moving in the right direction."
"2026-04-02T15:43:13","Feeling grateful for steady progress and clear skies."
"2026-04-02T15:44:43","Night mode: activated. Today's verdict: a good one."
"2026-04-02T16:01:53","Read something interesting today that I'm still thinking about."
"2026-04-02T16:04:16","The trees are leafing out and it's really something to see."
"2026-04-02T16:33:57","Feeling accomplished after checking off a few tasks."
"2026-04-02T16:38:47","Grateful for this ordinary, wonderful Thursday."
"2026-04-02T16:39:32","Afternoon sunshine made the commute home feel like a reward."
"2026-04-02T16:51:25","Really proud of how today went. Nothing flashy, just solid."
"2026-04-02T16:56:28","Checked off a task I'd been putting off. That feeling is unmatched."
"2026-04-02T17:06:20","Music in the morning is basically a superpower."
"2026-04-02T17:10:02","Grateful for a Thursday that actually felt like a Thursday."
"2026-04-02T17:18:13","Thursday: complete. Mood: excellent. Coffee count: two."
"2026-04-02T17:24:12","Sent a thank-you note today. Old-fashioned and still lovely."
"2026-04-02T17:29:40","Looking ahead to Friday with a lot of good energy."
"2026-04-02T17:38:41","The evening breeze tonight was perfect. Open windows, happy mood."
"2026-04-02T18:05:26","Cooking something simple and cozy tonight."
"2026-04-02T18:18:22","Slept well, worked well, felt well. Thursday: passed."
"2026-04-02T18:20:34","Grateful for the kind of day that just flows."
"2026-04-02T18:23:08","Taking the scenic route home was absolutely the right call."
"2026-04-02T18:27:41","Sleep tight. Today was genuinely, quietly great."
"2026-04-02T18:27:54","Evening light in April is genuinely something else."
"2026-04-02T18:36:53","Spring is gentle and bright and so is today."
"2026-04-02T18:37:45","Today had a nice texture to it — nothing dramatic, just good."
"2026-04-02T18:50:52","Thursday check-in: doing well, feeling good, looking forward to Friday."
"2026-04-02T18:56:13","Checked in with an old friend today. Made the day so much warmer."
"2026-04-02T19:08:03","Everything on the agenda today got done. Deep satisfaction."
"2026-04-02T19:12:46","Woke up with a plan and mostly stuck to it. Success."
"2026-04-02T19:33:00","Rest well tonight. Friday is right around the corner."
"2026-04-02T19:37:42","Evenings are great for reflection and relaxation."
"2026-04-02T19:43:03","April light through the windows in the afternoon. Yes please."
"2026-04-02T19:46:26","Today's highlight: an unexpected compliment that made my morning."
"2026-04-02T19:48:38","Spring is making ordinary things feel extraordinary."
"2026-04-02T19:49:22","Today was a reminder that consistency beats intensity."
"2026-04-02T19:51:31","Thursday morning and the energy is already good."
"2026-04-02T20:00:39","Set my clock five minutes fast as an April Fool's prank on myself."
"2026-04-02T20:01:46","Finished part one of my book and immediately started part two."
"2026-04-02T20:02:33","Ending the day with a good book."
"2026-04-02T20:08:38","Ran into an old friend unexpectedly. Best kind of interruption."
"2026-04-02T20:16:33","Filled a donut box with carrots. Team was not fooled. But they appreciated the carrots."
"2026-04-02T20:25:58","The forest floor in April is carpeted with new growth. Stunning."
"2026-04-02T20:40:19","April Mondays are categorically better than all other Mondays."
"2026-04-02T21:02:04","Tuesday check-in: all systems running smoothly."
"2026-04-02T21:13:23","The best part of April Fool's is everyone suddenly becoming a comedian."
"2026-04-02T21:14:09","Proud of sticking with positive habits so far."
"2026-04-02T21:34:27","The weekend gave exactly what was needed. Restored and grateful."
"2026-04-02T21:38:54","Saw the sunrise on Sunday morning and it felt like a private showing."
"2026-04-02T21:40:54","Monday energy was genuinely high today. Spring effect confirmed."
"2026-04-02T21:43:41","Page count today: impressive. Energy level: restored."
"2026-04-02T21:56:04","April has this way of making ordinary days feel like events."
"2026-04-02T21:56:43","Week is shaping up to be one of the good ones."
"2026-04-02T21:57:39","Spring rain this afternoon and it smelled incredible."
"2026-04-02T22:08:29","Making zero solid plans this weekend and very excited about it."
"2026-04-02T22:13:03","April Fool's debrief: successful ratio of laughs to groans. Good year."
"2026-04-02T22:14:30","Afternoon picnic evolved into an evening picnic. No one complained."
"2026-04-02T22:40:12","Wednesday has more energy than people give it credit for."
"2026-04-02T22:49:46","Had a moment of pure contentment today. Filed it for safekeeping."
"2026-04-02T22:55:13","Something about April mornings just recalibrates everything."
"2026-04-02T22:57:24","Checked something off the list that's been there for weeks. Relief is real."
"2026-04-03T07:08:30","April Fridays might be the best version of Fridays."
"2026-04-03T07:17:12","April mornings before a weekend are genuinely wonderful."
"2026-04-03T07:17:53","Planning the weekend like it's an Olympic event."
"2026-04-03T07:19:48","Made a loose weekend plan: sleep, move, eat well, enjoy everything."
"2026-04-03T07:25:46","Told myself I'd take it easy this weekend. Told myself and I believed it."
"2026-04-03T07:36:03","Closing out the week with gratitude and a very full heart."
"2026-04-03T07:43:25","Weekend is calling and the forecast looks perfect."
"2026-04-03T07:47:17","Weekend forecast: sunny disposition, light schedule, heavy fun."
"2026-04-03T07:56:18","Weekend plan materialising nicely. Involves a lot of outdoor time."
"2026-04-03T07:57:15","Forecast: sunny weekend, good company, great food. Accurate prediction."
"2026-04-03T07:58:16","Grateful for every hour that got us to Friday."
"2026-04-03T08:01:36","That Friday feeling is real and it arrived early today."
"2026-04-03T08:05:12","April is settling in and it feels good."
"2026-04-03T08:06:04","This weekend has great vibes written all over it."
"2026-04-03T08:15:52","Told the weekend I'd be ready. Not a lie."
"2026-04-03T08:18:57","Today was quietly great. Exactly what Friday should be."
"2026-04-03T08:19:20","The week went by fast in the best possible way."
"2026-04-03T08:22:12","Excited about absolutely nothing and everything this weekend."
"2026-04-03T08:24:17","Spring weekend incoming. Time to do all the things."
"2026-04-03T08:32:50","Nothing quite like a spring Friday to reset the whole system."
"2026-04-03T08:33:06","This week wrapped up better than it started. That's the goal."
"2026-04-03T08:43:07","Morning sun and the knowledge that it's Friday. Unstoppable combo."
"2026-04-03T08:51:17","April 3rd: beautiful outside, productive inside, grateful throughout."
"2026-04-03T08:52:21","Two more hours until weekend mode is fully activated."
"2026-04-03T08:54:31","Short week feelings even though it wasn't. Thanks, April."
"2026-04-03T08:57:29","Friday is basically already here in spirit."
"2026-04-03T09:00:07","April 3rd is peak spring Friday and I'm soaking it up."
"2026-04-03T09:02:02","Friday evening is proof that the universe rewards perseverance."
"2026-04-03T09:15:00","Some days you just have to appreciate how nicely everything landed."
"2026-04-03T09:23:10","Friday focus mode: finish strong, rest well."
"2026-04-03T09:37:48","Morning light makes everything look brighter."
"2026-04-03T10:19:58","Planning to do absolutely everything and also nothing this weekend."
"2026-04-03T10:25:23","The weekend to-do list: hike, read, eat well, breathe deeply."
"2026-04-03T10:26:04","Warm drinks make cold days so much better."
"2026-04-03T10:29:30","April 3rd energy: cheerful, light, and pointed straight at the weekend."
"2026-04-03T10:35:54","Friday countdown: almost there. Weekend, here I come."
"2026-04-03T10:49:31","Weekend is almost here and I have big plans: zero plans."
"2026-04-03T11:11:33","Clocked out, unhooked, officially in weekend mode."
"2026-04-03T11:11:59","Focused on progress, not perfection."
"2026-04-03T11:14:34","Making a list of weekend errands and it is suspiciously fun."
"2026-04-03T11:16:10","Weekend intentions set: move, rest, enjoy spring."
"2026-04-03T11:24:05","The weekend officially starts in my mind as of right now."
"2026-04-03T11:31:39","Counting down to Saturday morning like it's a holiday."
"2026-04-03T11:38:38","Starting to mentally check out of the week and check into the weekend."
"2026-04-03T11:43:32","This week was productive and now it gets to be fun."
"2026-04-03T11:51:59","My weekend mood is already 10/10 and it hasn't started yet."
"2026-04-03T12:16:41","Feeling light and happy as the work week fades away."
"2026-04-03T12:19:51","Weekend-mode activated. Brain is already ahead of me."
"2026-04-03T12:32:19","April Fridays deserve their own celebration. Starting now."
"2026-04-03T12:40:43","April Fridays feel like a little bonus the calendar gives you."
"2026-04-03T12:41:26","Made the most of this Friday and it showed."
"2026-04-03T12:49:07","Lunch breaks are better when you actually unplug."
"2026-04-03T13:00:52","Friday afternoon and my brain is fully in weekend mode already."
"2026-04-03T13:18:01","April weekend, here we come. Roads, trails, and relaxation await."
"2026-04-03T13:18:52","Noticing how consistency adds up."
"2026-04-03T13:34:37","Today's vibe: Friday edition of April. Highly recommended."
"2026-04-03T13:43:52","Nothing better than finishing Friday with genuine momentum."
"2026-04-03T13:47:17","April weekends are the treat I look forward to all year."
"2026-04-03T13:48:47","Nothing like a Friday afternoon to make weekend plans feel urgent."
"2026-04-03T13:53:09","Can't stop thinking about a long Saturday morning sleep-in."
"2026-04-03T13:55:26","Productivity and Friday energy — a rare and beautiful pairing."
"2026-04-03T13:59:20","Friday is practically begging me to enjoy the weekend."
"2026-04-03T13:59:44","Weekend agenda: open. That's the point."
"2026-04-03T14:03:41","Tackling one task at a time today."
"2026-04-03T14:04:14","Already planning my weekend coffee ritual. Saturday cannot come soon enough."
"2026-04-03T14:22:57","Spring air and Friday vibes — officially unbeatable."
"2026-04-03T14:38:42","Friday check-in: feeling good, sun is out, spirits high."
"2026-04-03T14:39:38","Friday debrief: nailed it. Ready for the weekend."
"2026-04-03T14:40:03","Wrapping up the work week with good energy and better plans."
"2026-04-03T14:40:52","So grateful for a week that ended this well."
"2026-04-03T14:41:17","Already thinking about Saturday breakfast. The mind wanders to nice places."
"2026-04-03T15:06:37","Week completed. Weekend unlocked. Let's go."
"2026-04-03T15:17:06","Can't wait to wake up Saturday with nowhere to be."
"2026-04-03T15:23:00","Today had excellent Friday energy throughout."
"2026-04-03T15:36:50","Friday done right: completed tasks, fresh air, light heart."
"2026-04-03T15:46:28","Feeling energized after a quick stretch."
"2026-04-03T16:02:25","Friday evening light is a completely different kind of beautiful."
"2026-04-03T16:09:57","Clocking out tonight with a sense of accomplishment."
"2026-04-03T16:19:59","This spring Friday was everything I hoped a Friday could be."
"2026-04-03T16:22:40","The weekend is 24 hours away and I can almost taste the freedom."
"2026-04-03T16:24:19","Taking time to reset and recharge."
"2026-04-03T16:34:16","Dreaming of a Saturday morning walk through the park already."
"2026-04-03T16:47:53","Weekend preview: spring walks, good food, zero obligations."
"2026-04-03T16:51:48","Finishing the work week strong and feeling great about it."
"2026-04-03T16:54:30","Looking back on this week with nothing but gratitude."
"2026-04-03T16:55:18","Grateful for a week that ended on a high note."
"2026-04-03T17:08:10","Filing 'exciting weekend plans' under 'things that are keeping me going today'."
"2026-04-03T17:08:55","Happy to see routines starting to stick."
"2026-04-03T17:13:26","Spring Fridays feel like a gift from the calendar."
"2026-04-03T17:21:46","Friday evening check-in: rested, grateful, ready."
"2026-04-03T17:28:22","Tying up loose ends before the weekend like a professional."
"2026-04-03T17:34:09","Made it to Friday with energy to spare."
"2026-04-03T17:39:32","Changed my name in the group chat to 'Unknown Number'. Classic."
"2026-04-03T17:42:26","Spring energy is making even admin feel manageable. Remarkable."
"2026-04-03T17:46:01","Today moved at exactly the right pace."
"2026-04-03T17:46:02","April weekend incoming. I have been looking forward to this."
"2026-04-03T18:11:17","April weekend feels like a long exhale the whole week has been building to."
"2026-04-03T18:13:02","Put a googly eye inside the fridge light. Scared myself later."
"2026-04-03T18:16:53","Spent an hour on the sofa with a book and felt every minute of it."
"2026-04-03T18:17:13","Asked a friend if they're free this weekend. They are. Perfect."
"2026-04-03T18:31:14","Trying to be more present in the evenings."
"2026-04-03T18:32:38","April is making this week feel like a gift I didn't know I'd get."
"2026-04-03T18:32:54","Monday lesson: start slow, build steady, finish strong."
"2026-04-03T18:35:43","Something clicked this week and it's going well."
"2026-04-03T18:42:02","April Fool's lesson: the gentler the prank, the better the laugh."
"2026-04-03T18:49:41","Weekend outlook: sunny and full of good decisions."
"2026-04-03T18:52:54","Had a wonderful conversation about nothing important. Totally energising."
"2026-04-03T18:58:07","Noticed the days are getting noticeably longer. Love the extra light."
"2026-04-03T19:06:57","Appreciated a really good cup of tea today. Simple and perfect."
"2026-04-03T19:30:55","Discovered a new café this weekend. Already planning the return visit."
"2026-04-03T19:32:35","Sunday trail: quieter than Saturday's. Liked it even more."
"2026-04-03T19:33:00","Pranked the toaster. It was unimpressed. Very professional appliance."
"2026-04-03T19:33:56","Mentally already at the farmers market. Friday can wait."
"2026-04-03T19:36:57","Draped a 'Out of Order' sign on the elevator. Watched from afar. No regrets."
"2026-04-03T19:37:19","Inbox zero achieved. Calm restored. It won't last but the moment was good."
"2026-04-03T19:45:11","Looking at the map for a new hiking trail to try Saturday."
"2026-04-03T19:48:34","Hiking solo this morning and the solitude was the whole point."
"2026-04-03T19:55:08","Feeling content and balanced tonight."
"2026-04-03T19:57:26","Tried a new cuisine this weekend. Immediate success. Adding to rotation."
"2026-04-03T19:58:33","Cycled further than planned today. Body objected mildly. Soul did not."
"2026-04-03T20:09:37","A calm end to a productive day."
"2026-04-03T20:13:05","Tuesday has shown up with quiet confidence and I respect that."
"2026-04-03T20:23:55","Monday ended better than it started. Classic arc."
"2026-04-03T20:27:33","The weekend is the light at the end of the Friday tunnel."
"2026-04-03T20:32:49","Weekend baking result: one very good loaf and one very good mood."
"2026-04-03T20:36:21","Genuinely laughed three times before 9am. April 1st is working."
"2026-04-03T20:47:20","Monday motivation was real today. Not performed. Actual."
"2026-04-03T20:48:07","Ending the weekend quietly and well. Just how I like it."
"2026-04-03T20:59:48","Checked the Saturday weather. Packed optimistically."
"2026-04-03T21:02:48","The hills were kind to me this morning. Returned the favour by going slowly."
"2026-04-03T21:06:39","Offered a colleague a biscuit. Watched them inspect it closely. Fair."
"2026-04-03T21:10:32","Sketched in the park today. Not well. Happily."
"2026-04-03T21:10:40","Sunday gratitude list written and it filled the whole page."
"2026-04-03T21:39:57","Post-hike hunger is the most satisfying kind."
"2026-04-03T21:42:26","Grateful for small moments of clarity."
"2026-04-03T21:48:57","Sat by the river on Sunday and watched it for a surprisingly long time."
"2026-04-03T21:52:06","Found a shortcut today. Geography win."
"2026-04-03T21:59:39","Farmers market flowers are now on my dining table. Room upgraded."
"2026-04-03T22:00:06","Spotted a deer on the trail today. We both froze. It was a moment."
"2026-04-03T22:09:18","Crossed a little bridge on today's trail and felt like I was in a film."
"2026-04-03T22:10:05","Trail tip: start early, bring snacks, have no agenda."
"2026-04-03T22:25:23","April Fool's Day is the one day everyone secretly wants to be funny."
"2026-04-03T22:38:37","The pigeon outside my window looked suspicious today. It's April 1st. Can't rule anything out."
"2026-04-03T22:52:53","Week building nicely. Progress on all fronts."
"2026-04-03T22:58:53","Recipe followed correctly for the first time ever. Historic moment."
"2026-04-04T07:01:21","Spring afternoon in the garden: weeding, planting, completely zen."
"2026-04-04T07:11:44","Saturday sign-off: sun on skin, book in hand, heart full."
"2026-04-04T07:51:45","Nature is putting on a full show right now and admission is free."
"2026-04-04T07:59:00","Ending today grateful for daylight, free time, and good choices."
"2026-04-04T08:01:36","Saturday morning walk: 45 minutes, zero regrets, 100% recommend."
"2026-04-04T08:04:17","The forest in April is something truly special."
"2026-04-04T08:04:31","No alarm. Just sun and silence and pure weekend joy."
"2026-04-04T08:14:36","Saturday mornings in April feel extra peaceful."
"2026-04-04T08:23:25","Nothing beats a Saturday afternoon deep in a good story."
"2026-04-04T08:25:25","Outdoor yoga in the garden while the birds provided the soundtrack."
"2026-04-04T08:26:32","Sat by the water for an hour and just existed. Deeply restorative."
"2026-04-04T08:33:24","Today was the kind of Saturday that makes you look forward to next Saturday."
"2026-04-04T08:33:56","Spring hiking trails are in peak condition right now. Get out there."
"2026-04-04T08:36:35","Baked for the first time in months. Absolutely will do this every weekend."
"2026-04-04T09:10:30","April trails are green and gorgeous and calling your name."
"2026-04-04T09:14:03","Went for a long bike ride and came back a new person."
"2026-04-04T09:18:01","Stretching and slow movement today. Body: grateful."
"2026-04-04T09:26:12","Art, music, books — Saturday is for creative recharging."
"2026-04-04T09:42:31","Saturday picnic energy: warm blanket, good food, great conversation."
"2026-04-04T09:51:57","Saturday done right: outside, present, happy."
"2026-04-04T09:52:21","Slow starts are sometimes the best starts."
"2026-04-04T10:04:53","Saturday debrief: hiked, read, cooked. Living the good life."
"2026-04-04T10:21:36","Night falls on a thoroughly well-spent Saturday."
"2026-04-04T10:30:36","Weekend cooking is completely different when there's no rush."
"2026-04-04T10:35:28","Letting the day unfold naturally."
"2026-04-04T10:37:48","Grabbed ingredients for dinner from the market. Cooking tonight!"
"2026-04-04T10:40:14","Did some gentle yoga this afternoon. Mind: reset."
"2026-04-04T10:44:27","Feeding ducks at the pond on a Saturday is deeply underrated."
"2026-04-04T10:55:36","Movement and fresh air: the free combo that fixes most things."
"2026-04-04T11:01:27","The best Saturday plans are the ones involving a cozy chair and a great book."
"2026-04-04T11:07:49","Making space today for creativity."
"2026-04-04T11:12:07","The best Saturday in recent memory. Already in competition for next week."
"2026-04-04T11:15:21","Today reminded me what weekends are for. Absolutely nailing it."
"2026-04-04T11:15:50","Weekend baking hits differently when you're not rushing anywhere."
"2026-04-04T11:17:19","Outdoor workout this morning: trail, fresh air, spring sunshine."
"2026-04-04T11:25:48","Post-hike stretch in the sunshine. Officially the best part of Saturday."
"2026-04-04T11:26:57","The weekend has delivered. Saturday: complete and wonderful."
"2026-04-04T11:31:02","Saturday morning light is undefeated."
"2026-04-04T11:36:25","Weekend hiking tip: just start walking. The trail handles the rest."
"2026-04-04T11:40:17","Tried that recipe I bookmarked months ago. Why did I wait so long?"
"2026-04-04T11:41:43","Spent part of today wandering without a plan. Best GPS: none."
"2026-04-04T11:45:10","Closing today's chapter: adventure, rest, food, joy."
"2026-04-04T11:50:53","Weekend officially started and I hit the ground smiling."
"2026-04-04T11:52:58","Slept in and woke up to birdsong. Perfect opening scene."
"2026-04-04T11:58:29","Photography walk this afternoon: spring is an incredibly willing subject."
"2026-04-04T12:04:52","Saturday is nature's gift to everyone who had a full week."
"2026-04-04T12:09:38","Found a perfect picnic spot and made excellent use of it."
"2026-04-04T12:18:48","Cooking while the window is open is a form of happiness I highly recommend."
"2026-04-04T12:21:20","The farmers market in April is pure joy. Colour, smell, community."
"2026-04-04T12:28:00","Sleep tight. Today was one of the good ones."
"2026-04-04T12:41:11","April Saturday signed off. Tomorrow: more of the same please."
"2026-04-04T12:41:33","Enjoying a relaxed weekend pace."
"2026-04-04T12:58:50","Spent two hours cooking something I've never made before. Worth it."
"2026-04-04T13:19:50","Found the best bread at the farmers market this morning."
"2026-04-04T13:23:22","Cooked a completely new recipe today and it worked. Thrilling."
"2026-04-04T13:27:41","Smiling at how far this week has come."
"2026-04-04T13:30:37","Woke up, went outside, immediately glad I did."
"2026-04-04T13:40:40","Finishing the day sunburnt from gardening and happy about it."
"2026-04-04T13:41:02","Kitchen smells incredible. Cooking something new and very exciting."
"2026-04-04T13:43:37","Took my camera out today. April is photogenic beyond reason."
"2026-04-04T13:59:23","Sketched in my notebook for the first time in ages. Felt wonderful."
"2026-04-04T14:00:18","The garden looks better every week. Small consistent efforts pay off."
"2026-04-04T14:07:08","Found a new walking route through the park today. Bookmark saved."
"2026-04-04T14:08:49","Visited a local café for the first time. Found a new favourite spot."
"2026-04-04T14:18:38","My book and I have been in deep conversation all morning."
"2026-04-04T14:19:44","Slow morning with hot coffee and no agenda. Living the dream."
"2026-04-04T14:22:18","Fresh air and movement always help."
"2026-04-04T14:34:13","New recipe success: confirmed delicious. Adding to rotation."
"2026-04-04T14:35:06","Farmers market Saturday: bought things I needed and a few I definitely didn't."
"2026-04-04T15:03:38","Couldn't have scripted a better Saturday if I tried."
"2026-04-04T15:12:35","Planted seeds today and fully believe they'll become something wonderful."
"2026-04-04T15:19:36","Explored a neighbourhood I've never really walked through. Lovely surprise."
"2026-04-04T15:20:03","Page fifty and already can't put it down. Weekend reads are different."
"2026-04-04T15:20:05","Wrapping up the night feeling restored and ready for Sunday."
"2026-04-04T15:32:26","Laced up and hit the trail before 8am. Overachiever status: achieved."
"2026-04-04T15:37:37","Afternoon in the park: kite, snacks, zero obligations. Ideal."
"2026-04-04T15:41:48","Decided to try a new recipe with all the market haul. Bold move."
"2026-04-04T15:42:15","There is nothing quite like getting lost in a good book on a Saturday."
"2026-04-04T15:44:15","Cooking on a Saturday to a good playlist is basically meditation."
"2026-04-04T15:58:46","Trying something new just for fun."
"2026-04-04T16:08:19","Found my favourite reading corner and spent three hours in it."
"2026-04-04T16:15:02","Got my hands in the soil today. Grounding in every sense of the word."
"2026-04-04T16:22:05","Made something from scratch for the first time in a while. Proud of myself."
"2026-04-04T16:36:01","Journaling with the window open and the sounds of Saturday outside."
"2026-04-04T16:39:54","Finding joy in simple routines."
"2026-04-04T16:45:58","Spent time in the garden today and it was exactly what I needed."
"2026-04-04T16:49:38","Afternoon picnic with good company and even better snacks."
"2026-04-04T16:52:20","Saturday light for photography is genuinely magical."
"2026-04-04T17:05:00","Listened to an entire album start to finish today. Almost forgot how good that is."
"2026-04-04T17:12:13","Book recommended by a friend finally started. Should have listened sooner."
"2026-04-04T17:14:30","Garden therapy on a Saturday afternoon is real and effective."
"2026-04-04T17:15:32","Trail was quiet, mind was quieter. Exactly what I needed."
"2026-04-04T17:16:09","Weekend productivity hits differently."
"2026-04-04T17:29:55","Spotted wildflowers on the trail this morning. Stopped to appreciate every one."
"2026-04-04T17:40:18","Saturday reading session: started early, still going."
"2026-04-04T17:41:46","Picnic in the park with homemade sandwiches. Optimising spring."
"2026-04-04T17:43:37","Saturday kitchen experiments are my favourite kind of experiment."
"2026-04-04T17:54:14","Tomorrow is Sunday and tonight is perfect. What a weekend."
"2026-04-04T17:55:19","Birds, breeze, and a beautiful trail. Saturday has delivered."
"2026-04-04T17:55:27","Reading with the window open and spring air drifting in. Bliss."
"2026-04-04T17:57:31","Market day always makes weekends feel richer."
"2026-04-04T18:12:46","Settled in with a good book and a cup of tea. Saturday mode: unlocked."
"2026-04-04T18:28:14","Spring produce at the farmers market is stunning right now."
"2026-04-04T18:38:22","Goodnight from a very content person who had a very good Saturday."
"2026-04-04T18:40:42","Cycled through the neighbourhood this morning and April showed off."
"2026-04-04T18:43:43","Walked every stall at the market and left with the best haul."
"2026-04-04T18:47:52","Comfort food kind of evening."
"2026-04-04T18:55:14","April gardening is hopeful work. Everything you plant has potential."
"2026-04-04T18:58:46","Worked in the garden for two hours and it felt like twenty minutes."
"2026-04-04T19:01:22","Saturday farmers market tradition restored. Spring season, here we go."
"2026-04-04T19:02:19","Picked up fresh flowers, local honey, and a very good mood at the market."
"2026-04-04T19:02:45","The view from the top of this morning's hike was 100% worth it."
"2026-04-04T19:02:48","Saturday afternoon nap: not planned, deeply appreciated."
"2026-04-04T19:04:09","Afternoon baking session. Kitchen smells like a dream."
"2026-04-04T19:08:16","Grateful for quiet moments."
"2026-04-04T19:08:26","Grateful for a day that felt like exactly what a weekend should feel like."
"2026-04-04T19:40:16","Spring Saturday complete. Moved, rested, enjoyed. Ten out of ten."
"2026-04-04T19:54:24","Headed out for a morning hike and the trail did not disappoint."
"2026-04-04T20:04:37","Tuesday light is softer and I appreciate that about it."
"2026-04-04T20:04:59","Keeping the good weekend habits going into the week."
"2026-04-04T20:14:32","Renamed all my desktop folders to 'Empty Folder'. April Fool's gift to future me."
"2026-04-04T20:21:35","Reflecting on a really good day."
"2026-04-04T20:56:12","The cheese stall at the farmers market deserves its own appreciation post."
"2026-04-04T21:16:48","Week outlook: positive, focused, open to good surprises."
"2026-04-04T21:23:09","Market haul assessed: perfect. Dinner already planned."
"2026-04-04T21:35:27","Grateful for a week that's moving in the right direction."
"2026-04-04T21:36:02","Took a long bath on Sunday evening. Luxury reclaimed."
"2026-04-04T21:36:14","Grateful for a week that's adding to something rather than taking away."
"2026-04-04T21:36:51","Set one intention for the week ahead. That's enough."
"2026-04-04T21:50:45","Today was the kind of day that makes you glad to be exactly where you are."
"2026-04-04T21:53:07","Ending the night feeling refreshed."
"2026-04-04T22:00:57","Ending Tuesday feeling settled and satisfied."
"2026-04-04T22:02:56","Sat in the garden to read and accidentally stayed for three hours."
"2026-04-04T22:04:05","Spring mornings make the work week feel like less of a sacrifice."
"2026-04-04T22:04:22","Weekend goal set: spend as much time outside as possible."
"2026-04-04T22:07:59","Pre-weekend energy is its own specific flavour of happy."
"2026-04-04T22:09:56","Grateful for a morning that started slow and built into something great."
"2026-04-04T22:11:12","Good coffee, comfortable shoes, clear sky. All the basics covered."
"2026-04-04T22:12:08","Told my houseplants today was a special occasion. They seemed unbothered."
"2026-04-04T22:15:09","April Fool's morning ritual: assume nothing, smile at everything."
"2026-04-04T22:15:47","Planning to be remarkably unproductive this weekend and thriving at it."
"2026-04-04T22:18:59","Looking forward to the rest of the weekend."
"2026-04-04T22:32:17","Weekend afternoon nap: unplanned, undeniable, absolutely necessary."
"2026-04-04T22:46:56","Sunday reset complete: clean space, packed bag, fresh mindset."
"2026-04-04T22:50:52","Weekend countdown in my head since about 2pm."
"2026-04-05T07:15:30","Set intentions for the week. Feeling focused and optimistic."
"2026-04-05T07:21:24","Finished my book today. Emotional. Looking for the next one immediately."
"2026-04-05T07:23:37","Spent an hour pottering in the garden. Deeply content."
"2026-04-05T07:30:35","Reading while occasionally looking out the window at spring. Peak Sunday."
"2026-04-05T07:33:38","Post-hike Sunday brunch is a lifestyle, not a meal."
"2026-04-05T07:33:47","Gentle yoga in the garden this afternoon. Body says thank you."
"2026-04-05T07:43:37","Recommended a book to a friend today. Sharing is caring."
"2026-04-05T07:45:45","Sunday and I have a very good relationship. Today is proof."
"2026-04-05T07:52:38","Woke up slowly on purpose today. Fully recommend."
"2026-04-05T08:00:04","Organised my week ahead tonight. Feels good to start Monday prepared."
"2026-04-05T08:06:22","Sunday afternoon walk with no destination. Found lovely things anyway."
"2026-04-05T08:07:52","End-of-weekend reflection: rest was had. Energy is restored."
"2026-04-05T08:09:44","Sunday mornings are perfect for reflection."
"2026-04-05T08:15:07","Trail completed. Endorphins delivered. Sunday: successful."
"2026-04-05T08:26:26","Hiked a new trail this morning and it did not disappoint."
"2026-04-05T08:37:45","Closing this weekend with a full heart and rested bones."
"2026-04-05T08:41:22","Night falls on a weekend that earned its title."
"2026-04-05T08:53:19","Did a gentle reset: tidy space, clear plan, early bedtime."
"2026-04-05T09:01:19","Week prep done. Tomorrow starts with a head start."
"2026-04-05T09:21:08","Afternoon reading session turned into the whole afternoon. No regrets."
"2026-04-05T09:34:12","Taking it slow and enjoying the calm."
"2026-04-05T09:40:19","Reflecting on how well this weekend recharged everything."
"2026-04-05T09:41:52","Sunday evening review: two thumbs up, would repeat this weekend."
"2026-04-05T10:03:30","Second hike of the weekend. The body requested it, the soul agreed."
"2026-04-05T10:05:19","No alarm, good coffee, open window. Sunday is winning."
"2026-04-05T10:11:59","April weekends are really something. Documenting this for future reference."
"2026-04-05T10:27:10","Sunday and Monday had a productive meeting. Monday looks good."
"2026-04-05T10:40:47","Grateful for every single hour of this wonderful weekend."
"2026-04-05T10:42:25","Sunlight through the window feels uplifting."
"2026-04-05T10:43:01","Sunday reading rule: no guilt about how many hours have passed."
"2026-04-05T10:46:46","Picked up flowers for the week at the market this morning."
"2026-04-05T10:53:04","My book and I made significant progress today. Proud of us."
"2026-04-05T10:56:55","Sunday evening meal prep: setting myself up for a great week."
"2026-04-05T11:00:58","Sunday brunch outside in the garden. April really delivered today."
"2026-04-05T11:06:04","Sunday evening reflection: what went well? Almost everything."
"2026-04-05T11:12:53","Dreams incoming. They'll probably be about trails and good books."
"2026-04-05T11:19:17","Ending Sunday feeling full of rest, gratitude, and quiet joy."
"2026-04-05T11:23:58","Resetting for the week ahead."
"2026-04-05T11:26:48","Two days of spring air, good books, good food, and good rest."
"2026-04-05T11:32:06","Sunday done beautifully. Monday, I'm ready for you."
"2026-04-05T11:33:51","April Sunday in the park: families, dogs, kites, pure joy."
"2026-04-05T11:49:46","Sunday morning: slow, golden, and exactly as peaceful as advertised."
"2026-04-05T11:52:37","Spring weekends are therapy and I've had a very good session."
"2026-04-05T11:55:01","Rest well everyone. The weekend was wonderful and Monday will be too."
"2026-04-05T11:58:38","Made a proper brunch with actual effort and it was completely worth it."
"2026-04-05T12:01:04","The trail was misty and quiet and absolutely perfect this morning."
"2026-04-05T12:04:19","Sunday trail rule: no headphones, just birds."
"2026-04-05T12:16:10","Planted spring bulbs this afternoon with unreasonable optimism."
"2026-04-05T12:23:47","Brunch stretched into lunch and I have zero remorse."
"2026-04-05T12:26:57","Back from the trail and absolutely glowing from the inside."
"2026-04-05T12:29:21","Sunday stretch session: ten minutes of effort, all-day reward."
"2026-04-05T12:42:16","Garden hour on Sunday: peaceful, productive, perfectly timed."
"2026-04-05T12:48:14","April Sundays on the trail are what 'peaceful' actually means."
"2026-04-05T12:51:01","Sunday afternoon with a thriller is a very specific kind of joy."
"2026-04-05T12:51:29","Walked to the park and sat in the sun for a while. Prescription met."
"2026-04-05T12:56:31","A cozy day with warm drinks and good thoughts."
"2026-04-05T12:57:51","Every part of this weekend was exactly what I needed."
"2026-04-05T13:12:08","Ready for Monday in a way that feels genuinely good."
"2026-04-05T13:16:48","Sunday light is a different quality altogether. Warmer somehow."
"2026-04-05T13:18:00","Morning hike done and I'm already a better person for it."
"2026-04-05T13:24:08","Brunch with good company is one of spring's finest offerings."
"2026-04-05T13:31:38","Sunday garden update: things are growing. Life is good."
"2026-04-05T13:33:24","My garden is becoming something I'm actually proud of."
"2026-04-05T13:34:50","Reading outside in April sunshine is one of life's genuine pleasures."
"2026-04-05T13:35:20","Sunday wrap-up: moved outside, read deeply, cooked well, rested fully."
"2026-04-05T13:36:14","Appreciating the slower pace today."
"2026-04-05T13:41:22","Afternoon in nature doing absolutely nothing structured. Very effective."
"2026-04-05T13:43:46","Sunday hiking energy: slower pace, longer views, deeper breath."
"2026-04-05T13:58:06","Started a new book today just because it was Sunday and I could."
"2026-04-05T13:59:57","Sunday reset complete. Week starts clean and positive."
"2026-04-05T14:03:42","Finished a chapter, started another, lost track of time entirely."
"2026-04-05T14:08:15","Started the day with a gentle walk and zero hurry."
"2026-04-05T14:11:06","Planning the week without pressure."
"2026-04-05T14:19:39","Sunday evening playlist doing its job. Calm and content."
"2026-04-05T14:22:35","Long walk after brunch because spring afternoons demand it."
"2026-04-05T14:24:35","Cooking on Sunday with the window open is a ritual I protect fiercely."
"2026-04-05T14:30:33","Sunday and a great book are a combination I will defend endlessly."
"2026-04-05T14:36:31","Nature does not understand that it's Sunday and just keeps being gorgeous."
"2026-04-05T14:48:26","Gratitude journal entry tonight filled with April weekend highlights."
"2026-04-05T15:24:56","The best thing about a good weekend is carrying the feeling into the week."
"2026-04-05T15:28:21","This weekend gave me back energy I didn't know I'd lost."
"2026-04-05T15:47:29","Enjoying a peaceful afternoon."
"2026-04-05T15:50:12","Sunday planning session: not stressful, just thoughtful."
"2026-04-05T16:06:25","Prepared lunch for tomorrow already. Monday doesn't know what's coming."
"2026-04-05T16:06:45","Meal prepped for the week and feeling very organised and adult."
"2026-04-05T16:09:50","Settled into my favourite reading nook with Sunday's best intentions."
"2026-04-05T16:16:15","Goodnight. Grateful. Ready. Well-loved by April."
"2026-04-05T16:18:05","Journaling this Sunday evening. Good week ahead: manifesting it now."
"2026-04-05T16:18:41","Lighting a candle and winding down properly tonight."
"2026-04-05T16:28:47","A gentle reminder to enjoy the moment."
"2026-04-05T16:33:58","Found a viewpoint on today's hike that genuinely took my breath away."
"2026-04-05T16:44:05","Goodnight from someone who used this weekend absolutely perfectly."
"2026-04-05T16:56:37","The weekend did exactly what it was supposed to do. Grateful."
"2026-04-05T17:19:53","Grateful for rest and recovery."
"2026-04-05T17:29:56","Heading into Monday restored, optimistic, and grateful for April."
"2026-04-05T17:39:50","Sunday morning trail: quiet, dewy, completely mine."
"2026-04-05T17:41:45","Best weekend in recent memory. Setting a very high bar."
"2026-04-05T17:42:37","Sunday farmers market run: smaller haul, bigger smiles."
"2026-04-05T17:50:08","Sleep tight. Tomorrow starts a new great week."
"2026-04-05T18:01:46","Reading on Sunday with spring light and soft music. Heaven."
"2026-04-05T18:21:40","Laying out the week ahead with a calm and open mind."
"2026-04-05T18:23:38","Made a big batch of something comforting for the week ahead."
"2026-04-05T18:44:08","Preparing for a fresh start tomorrow."
"2026-04-05T18:56:59","Found a sunny bench in the park and claimed it for the afternoon."
"2026-04-05T18:57:37","Week outlook: positive. Current mood: content. Status: well-rested."
"2026-04-05T19:02:15","Sunday brunch rule: cook something that makes the kitchen smell incredible."
"2026-04-05T19:11:30","Sat under a tree and read for an hour. This is peak spring behaviour."
"2026-04-05T19:14:26","Spring Sundays on a trail are a privilege I don't take lightly."
"2026-04-05T19:23:19","Foam roller, good book, calm evening. Sunday recovery complete."
"2026-04-05T19:23:25","Wrote in my journal tonight about gratitude, spring, and small joys."
"2026-04-05T19:24:23","Sunday brunch: made from scratch, eaten slowly, deeply enjoyed."
"2026-04-05T19:35:53","Spent Sunday morning exactly where I wanted to be: in a book."
"2026-04-05T19:36:06","Sunday dinner was slow-cooked and worth every hour."
"2026-04-05T19:46:34","Already downloaded a new audiobook for the weekend walk."
"2026-04-05T19:51:36","April 1st rule: trust but verify, especially the good news."
"2026-04-05T19:54:03","Ready for a positive week ahead."
"2026-04-05T20:01:24","Nature is making a very strong case for being outside all weekend."
"2026-04-05T20:02:27","Pre-weekend feeling: anticipatory, light, slightly giddy."
"2026-04-05T20:10:58","Tuesday light hits softer than Monday light. I notice these things."
"2026-04-05T20:12:12","Checked my shoelaces three times today. It's April 1st. You understand."
"2026-04-05T20:14:12","Every April 1st I remember that joy is surprisingly low-effort."
"2026-04-05T20:17:36","Ending the weekend feeling centered."
"2026-04-05T20:18:35","Monday started gently and built into something really productive."
"2026-04-05T20:30:50","Talked to the baker at the market for ten minutes about sourdough. No regrets."
"2026-04-05T20:44:09","The ducks were back at the pond today. Season officially open."
"2026-04-05T20:48:18","Tuesday is peak midweek potential and today delivered."
"2026-04-05T20:49:12","The best thing about Friday is everything that comes after it."
"2026-04-05T20:51:04","The trees are just showing off at this point. Fully in bloom."
"2026-04-05T20:56:53","Booked nothing for the weekend on purpose. Best booking of the week."
"2026-04-05T20:57:49","Tuesday evening calm after a productive day. Earned."
"2026-04-05T21:00:16","Made the bed this morning. Small act, big effect on the whole day."
"2026-04-05T21:03:55","Found a trail I've never done before. Absolutely doing it again."
"2026-04-05T21:05:41","Sent a very sincere 'happy April Fool's Day' card. Vintage move."
"2026-04-05T21:09:46","Cooked with the window open and music on and it was genuinely magical."
"2026-04-05T21:15:51","Weekend mode loading... almost there."
"2026-04-05T21:17:05","The week earns the weekend and this week definitely earned it."
"2026-04-05T21:18:38","The book I'm reading has taken over my weekend and I'm grateful."
"2026-04-05T21:23:58","Saved three new recipes to try this weekend. Ambition: high."
"2026-04-05T21:39:51","Calm nights make Mondays easier."
"2026-04-05T21:50:28","Gratitude on a Tuesday is an underused superpower."
"2026-04-05T21:50:48","April 1st soundtrack: light music, mild suspicion, frequent laughter."
"2026-04-05T22:21:00","Asked my friend if they'd heard the news. Watched their face. Then said 'April Fool's'. Worth it."
"2026-04-05T22:27:36","Friday feeling is already here and it brought snacks."
"2026-04-05T22:33:27","Already thinking about the trail I want to walk on Saturday."
"2026-04-05T22:49:40","April 1st is just a day that gives you permission to be more playful than usual."
"2026-04-06T07:00:52","Week is mapped out and it looks full of good things."
"2026-04-06T07:01:19","Sleep well everyone. Monday was a win. Tuesday is ready."
"2026-04-06T07:08:26","Good habits from the weekend carrying into the week seamlessly."
"2026-04-06T07:15:55","April Monday: closed. Mood: excellent. Outlook: bright."
"2026-04-06T07:19:40","Setting the tone for the week: calm, focused, grateful."
"2026-04-06T07:51:18","New week, steady energy, positive focus."
"2026-04-06T07:52:19","Spring mornings make every commute feel scenic."
"2026-04-06T07:55:44","Good morning and welcome to the best week this April has to offer."
"2026-04-06T07:55:56","Monday morning with spring sunshine is genuinely hard to resist."
"2026-04-06T08:04:07","Afternoon energy better than morning. Monday coming in hot."
"2026-04-06T08:07:39","Monday productivity: activated. Watch out, to-do list."
"2026-04-06T08:19:06","Turned Monday into something I looked forward to. Big win."
"2026-04-06T08:39:04","Week one intent: show up consistently and enjoy the process."
"2026-04-06T08:45:55","Rest well. Tomorrow continues what today started well."
"2026-04-06T08:50:59","Starting the week with the kind of focus that feels like flow."
"2026-04-06T09:04:28","April sunshine through the office window makes everything better."
"2026-04-06T09:04:32","Morning stretch, good coffee, clear intentions. Monday: sorted."
"2026-04-06T09:05:52","Grateful for a productive first day of the week."
"2026-04-06T09:10:11","Staying curious and open as the week kicks off."
"2026-04-06T09:11:12","Ending Monday with gratitude for the day, the week ahead, and April."
"2026-04-06T09:12:21","Tomorrow is Tuesday and tonight is good. April is delivering."
"2026-04-06T09:20:46","Monday motivation level: surprisingly high."
"2026-04-06T09:21:25","Goodnight from a Monday that actually went well."
"2026-04-06T09:29:15","Checked my goals list and added a few new ones. Monday energy."
"2026-04-06T09:29:42","Starting Monday with intention."
"2026-04-06T09:30:07","Monday done. Energy: still there. Week: on track."
"2026-04-06T09:53:46","Monday wrapped up clean and warm. Rest up for Tuesday."
"2026-04-06T10:04:38","Planning the week like it's going to go exactly right. Manifesting."
"2026-04-06T10:06:57","Spring energy is real and Monday caught some of it."
"2026-04-06T10:18:36","April focus mode is officially on."
"2026-04-06T10:36:04","Monday evening: tired, but satisfied. Good kind of tired."
"2026-04-06T10:41:24","Week starts right when Monday ends well."
"2026-04-06T10:48:32","Starting the week by celebrating last week's wins first."
"2026-04-06T10:57:43","Commute was lovely today. Spring mornings on the road hit different."
"2026-04-06T10:59:28","Monday verdict: productive, pleasant, promising."
"2026-04-06T11:02:07","Feeling organized and motivated."
"2026-04-06T11:05:25","Monday lunchtime walk completely transformed the afternoon."
"2026-04-06T11:20:15","The spring energy from the weekend is still running through me."
"2026-04-06T11:22:19","New week, same good energy, elevated goals."
"2026-04-06T11:29:15","Evening walk after work reconfirmed that spring is the best season."
"2026-04-06T11:29:39","Grateful for Mondays that actually feel like fresh starts."
"2026-04-06T11:46:06","Coffee, plan, focus. The Monday trilogy."
"2026-04-06T12:15:25","Week starts strong when Sunday ends right."
"2026-04-06T12:24:57","Grateful, grounded, and ready for the week. Goodnight."
"2026-04-06T12:25:57","Monday and I have made our peace. We move."
"2026-04-06T12:30:15","Monday productivity already exceeded expectations by 9am."
"2026-04-06T12:37:50","Starting Monday with clarity and a solid plan."
"2026-04-06T12:38:56","Lunch breaks are better when you step away."
"2026-04-06T12:51:26","Big week ahead but the energy is there to match."
"2026-04-06T12:53:10","Wrapping up today feeling like the week is off to a great start."
"2026-04-06T13:00:17","Midday reset: walked outside, breathed deeply, returned improved."
"2026-04-06T13:12:34","April Mondays feel like spring is personally cheering you on."
"2026-04-06T13:24:51","Staying curious and open today."
"2026-04-06T13:27:34","April Monday is a completely different beast than winter Monday."
"2026-04-06T13:28:28","Monday check-in: rested from weekend, ready for week."
"2026-04-06T13:44:34","Picked up right where the weekend left off — in a good mood."
"2026-04-06T14:02:31","Sampled something new at the market and bought twice as much as planned."
"2026-04-06T14:06:19","Checking in with goals and adjusting as needed."
"2026-04-06T14:11:32","Weekend plan forming: mostly outdoors, mostly unscheduled."
"2026-04-06T14:24:57","April week in progress. Current status: thriving."
"2026-04-06T14:47:09","Started a mental list of things to do this weekend. It's a good list."
"2026-04-06T15:02:10","Saturday hiking culture is real and I am a devoted member."
"2026-04-06T15:10:54","Sunday evening is underrated as a time for reflection and good tea."
"2026-04-06T15:11:29","Took the stairs today and felt unreasonably virtuous."
"2026-04-06T15:12:23","Prepared for the week with calm intention. Monday cannot surprise me."
"2026-04-06T15:15:04","Spring is not subtle and I love that about it."
"2026-04-06T15:20:19","Went to bed at a sensible hour. Already proud of tomorrow me."
"2026-04-06T15:20:58","Grateful for a season that arrives with this much enthusiasm."
"2026-04-06T15:21:02","Today felt like a turning point in a quiet, important way."
"2026-04-06T15:33:05","Tidied my desk and found three things I'd been looking for."
"2026-04-06T15:33:26","Good sleep last night. The compound interest of rest."
"2026-04-06T15:41:33","Progress feels good, no matter how small."
"2026-04-06T15:53:58","Stopped to smell actual flowers today. Lived the cliché. No regrets."
"2026-04-06T15:58:27","Took a proper digital detox for two hours. Came back refreshed."
"2026-04-06T16:11:28","Quick breaks make a big difference."
"2026-04-06T16:14:49","Noticed the neighbourhood flowers changing every day. Spring is a slow reveal."
"2026-04-06T16:30:05","Rearranged the furniture slightly. New perspective, same room."
"2026-04-06T16:32:12","Watered all the plants and they seemed grateful in their silent way."
"2026-04-06T16:43:10","Made a decision I'd been sitting on. Immediately felt better."
"2026-04-06T16:49:16","Did exactly what I set out to do. Deeply satisfying."
"2026-04-06T16:50:43","Morning run, good stretches, strong coffee. Operating at peak spring."
"2026-04-06T16:59:00","Ate lunch away from my desk today. Revolutionary act."
"2026-04-06T17:00:19","April evening air has a warmth that wasn't there last month."
"2026-04-06T17:04:55","Wrapping up work feeling accomplished."
"2026-04-06T17:05:21","Had exactly the right amount of everything today. Rare and lovely."
"2026-04-06T17:05:47","Read something that made me want to be a better version of myself."
"2026-04-06T17:08:11","April mood: open windows, good music, nowhere to be."
"2026-04-06T17:17:47","Had a moment of pure clarity today. Wrote it down."
"2026-04-06T17:22:10","Spring wardrobe officially rotated. Optimistic about the season."
"2026-04-06T17:26:39","The meeting could have been shorter but ended well. Net positive."
"2026-04-06T17:37:35","Made the most of a quiet Tuesday afternoon. Underrated time slot."
"2026-04-06T17:51:59","Watched the clouds move for a few minutes. Completely free and completely refreshing."
"2026-04-06T18:01:06","Returned a library book before the due date. Living right."
"2026-04-06T18:07:48","Grateful for the kind of ordinary day that quietly becomes a good memory."
"2026-04-06T18:13:16","Snack game strong today. Fuelling well."
"2026-04-06T18:18:03","Left work at a sensible time today. The trees looked lovely on the way out."
"2026-04-06T18:18:27","Read outside until the light ran out. Optimised every minute."
"2026-04-06T18:18:34","Coworker made excellent coffee today. Left a good review in my heart."
"2026-04-06T18:21:54","Finished the day with energy left over. A sign of good balance."
"2026-04-06T18:27:36","The garden is waking up and so am I."
"2026-04-06T18:28:31","Took a detour on the way home and it was absolutely the right call."
"2026-04-06T18:32:17","Evening routines bring a sense of calm."
"2026-04-06T18:35:20","Listened to a podcast that genuinely changed how I think about something."
"2026-04-06T18:36:48","Ended the day with zero unread messages. Short-lived but glorious."
"2026-04-06T18:37:53","Afternoon playlist perfectly matched the vibe. DJ skills: excellent."
"2026-04-06T18:41:21","Found my sunglasses just when I needed them. Serendipity."
"2026-04-06T18:47:50","April rain smells like possibility."
"2026-04-06T18:58:59","April is not subtle about being wonderful and that's its greatest quality."
"2026-04-06T19:09:10","Smiled at a stranger and they smiled back. World: working."
"2026-04-06T19:15:34","The commute was genuinely pleasant this morning. Noted and appreciated."
"2026-04-06T19:19:18","April week in full swing and it really suits everyone."
"2026-04-06T19:31:31","Found change in an old jacket pocket. Small windfall, big smile."
"2026-04-06T19:48:02","Feeling balanced and content."
"2026-04-06T19:50:25","Read a chapter before bed last night. The best kind of slow start."
"2026-04-06T20:05:52","Every walk in April feels like the first one of the year."
"2026-04-06T20:07:49","A productive start to the week."
"2026-04-06T20:09:41","Walked the long way home and found a street I'd never noticed before."
"2026-04-06T20:13:39","Drank water first thing this morning. Hydrated and ready."
"2026-04-06T20:17:24","Made a small improvement to my routine that I think will stick."
"2026-04-06T20:22:33","Took my shoes off and walked on the grass. Grounding, literally."
"2026-04-06T20:30:31","This week is building into something I'll remember warmly."
"2026-04-06T20:33:39","Spring is doing that thing where it makes everything smell like hope."
"2026-04-06T20:35:05","Good week growing better. April doing its thing."
"2026-04-06T20:39:42","April is the kind of month that forgives bad moods and rewards good ones."
"2026-04-06T20:42:48","Spring cleaning one drawer at a time. Slow but satisfying."
"2026-04-06T20:44:55","Morning pages done before the coffee was even ready. Rare form today."
"2026-04-06T20:49:38","Spring is officially the best season and I will not be taking questions."
"2026-04-06T20:52:51","April has that quality of making everything feel like it's about to get better."
"2026-04-06T21:05:37","Made a list and crossed everything off. Satisfying beyond measure."
"2026-04-06T21:26:08","Ending Monday on a positive note."
"2026-04-06T21:29:15","Spotted a robin building a nest outside my window. Instant mood boost."
"2026-04-06T21:39:07","Organised my bag and immediately felt 30% more competent."
"2026-04-06T21:40:02","Remembered someone's birthday without a reminder. Character development."
"2026-04-06T21:51:42","Small act of kindness paid forward today. The chain continues."
"2026-04-06T21:51:47","Noticed I've been calmer this week. Something is going right."
"2026-04-06T21:54:55","The kind of evening where you sit outside a little longer than planned."
"2026-04-06T22:16:59","Had a proper sit-down breakfast. Treat of the week."
"2026-04-06T22:25:28","The week is going well and I want to say it out loud."
"2026-04-06T22:30:04","Found a new walking route and it has a lovely bridge."
"2026-04-06T22:33:51","Overheard a child laugh today. Instant mood improvement."
"2026-04-06T22:41:37","Gave someone a genuine compliment and watched them light up."
"2026-04-06T22:45:30","Stretched properly for the first time in ages. Body sent a thank-you note."
"2026-04-06T22:49:32","Put fresh sheets on the bed. Tonight will be excellent."
"2026-04-06T22:52:46","Wore the comfortable shoes today. No regrets at all."
"2026-04-06T22:56:23","April Tuesday: mild, lovely, moving at the right speed."
"2026-04-07T07:09:04","Tuesday has a calm confidence that I appreciate."
"2026-04-07T07:17:36","Tuesday morning light in April is something to write home about."
"2026-04-07T07:32:59","Good morning from a thoroughly pleasant April Tuesday."
"2026-04-07T07:39:56","April Tuesday done. Mood: peaceful. Gratitude: genuine."
"2026-04-07T07:51:40","Gratitude list today: long, spring-flavoured, entirely genuine."
"2026-04-07T07:52:41","Good nights come from good days, and today was good."
"2026-04-07T07:59:48","Paused today to appreciate how far this week has already come."
"2026-04-07T08:10:14","Spring Tuesdays are secretly the best days."
"2026-04-07T08:12:59","A full week into April already — survived April Fool's Day unscathed."
"2026-04-07T08:44:10","Goodnight from a week that's going exactly right."
"2026-04-07T08:44:20","Sleep well. Wednesday is the bridge and tonight feels like solid ground."
"2026-04-07T08:50:35","April Tuesdays: the middle child of the week, underappreciated, excellent."
"2026-04-07T08:55:23","Wrapping up the day feeling grounded and optimistic."
"2026-04-07T09:16:35","Rest well. Midweek tomorrow — the week is past its peak."
"2026-04-07T09:21:32","Tuesday productivity: real and appreciated."
"2026-04-07T09:24:47","Still running on weekend energy and grateful for every bit of it."
"2026-04-07T09:25:50","Week is moving at exactly the right pace."
"2026-04-07T09:27:37","Tuesday close: solid. Tomorrow: Wednesday. We keep going."
"2026-04-07T09:38:17","Grateful for mundane Tuesday and everything it quietly holds."
"2026-04-07T09:47:23","Morning light makes everything feel fresh."
"2026-04-07T09:51:58","Wrapping up with a warm heart and a clear head."
"2026-04-07T09:56:31","Staying consistent this week and it feels really good."
"2026-04-07T09:59:23","Tuesday complete. Sleep tight. Spring awaits tomorrow."
"2026-04-07T10:01:47","April keeps delivering quietly and consistently. Love it."
"2026-04-07T10:06:47","Walked at lunch and came back noticeably better."
"2026-04-07T10:08:08","Midweek energy activating and it feels sustainable."
"2026-04-07T10:14:52","Ended the day proud of the choices I made in it."
"2026-04-07T10:27:34","A reminder that small habits matter."
"2026-04-07T10:27:40","Coffee with the window open. Spring sounds drifting in. Perfect morning."
"2026-04-07T10:34:24","Small daily habits are really starting to compound."
"2026-04-07T10:42:32","Made someone smile today. Unofficial KPI: met."
"2026-04-07T10:47:30","April is making even Tuesday feel special."
"2026-04-07T10:48:09","Tuesday evening: calm, content, caffeinated still somehow."
"2026-04-07T11:16:41","Consistency is starting to pay off."
"2026-04-07T11:20:52","Afternoon focus was sharp. Riding that into tomorrow."
"2026-04-07T11:34:51","Stretching and fresh air at lunch turned the afternoon around."
"2026-04-07T11:41:20","Feeling proud of consistent effort this week."
"2026-04-07T11:58:59","Tuesday feeling: steady, warm, and quietly joyful."
"2026-04-07T12:13:02","Week is going well and I want to document that properly."
"2026-04-07T12:20:45","Another good day added to the April collection. Goodnight."
"2026-04-07T12:21:48","Small progress today but it's still progress. Consistency wins."
"2026-04-07T12:37:09","Grateful for days that just flow without friction."
"2026-04-07T12:43:05","Pausing to appreciate how far this week has gone."
"2026-04-07T12:48:08","Evening walk confirmed: spring is in full swing and loving it."
"2026-04-07T12:51:50","Had a really good conversation today that I keep thinking about."
"2026-04-07T12:58:35","Tuesday reminds you that a good week is built day by day."
"2026-04-07T13:10:38","Noticed more beauty today just by slowing down slightly."
"2026-04-07T13:15:33","Spring smells like possibility and today smelled like a lot of it."
"2026-04-07T13:19:58","Staying present and focused today."
"2026-04-07T13:21:42","Got a lot done and somehow had time to enjoy the afternoon."
"2026-04-07T13:28:11","Midweek check-in: energy intact, spirits high."
"2026-04-07T13:34:31","Grateful for a week that's building nicely."
"2026-04-07T13:37:20","Grateful for a Tuesday that contributed something real."
"2026-04-07T13:40:38","Tuesday in April — quietly underrated, genuinely lovely."
"2026-04-07T13:44:55","Stayed curious and it paid off. Good day."
"2026-04-07T13:47:45","Tuesday afternoon sun was genuinely delightful."
"2026-04-07T13:52:19","Had a genuinely productive hour of deep work. Treasure it when it arrives."
"2026-04-07T13:58:17","Discovered a new shortcut that saves four whole minutes. Life-changing."
"2026-04-07T14:08:27","Keeping the momentum going today."
"2026-04-07T14:17:16","Appreciated the colour of the sky at 4pm. Kept it to myself and also told everyone."
"2026-04-07T14:21:15","Felt genuinely optimistic today. No particular reason. Just good energy."
"2026-04-07T14:33:31","Journalled for the first time in weeks. Words were waiting."
"2026-04-07T14:49:37","Something about spring mornings makes ambition feel achievable."
"2026-04-07T14:52:43","Every April day feels like a renewable resource of good energy."
"2026-04-07T14:56:31","Birdwatched from my window for ten minutes. Surprisingly meditative."
"2026-04-07T15:03:20","Went to sleep grateful and woke up grateful. Good pattern forming."
"2026-04-07T15:11:38","Fed the ducks and they were very enthusiastic about it."
"2026-04-07T15:27:17","Woke up in a good mood and protected it fiercely all day."
"2026-04-07T15:35:21","Noticed I was present today. That's the goal and today it happened."
"2026-04-07T15:46:13","April is making the ordinary feel quietly extraordinary."
"2026-04-07T15:47:17","Made someone's errand easier today. Low effort, high impact."
"2026-04-07T15:52:18","Finding joy in steady progress."
"2026-04-07T15:56:52","Noticed I was humming today. Things must be going well."
"2026-04-07T16:18:26","Sunshine on the walk home made the whole day land better."
"2026-04-07T16:28:59","Enjoyed a very good sandwich. Sometimes that's the highlight and that's okay."
"2026-04-07T16:31:37","Grateful for small moments that secretly make the whole day."
"2026-04-07T16:36:21","Another solid day in the books."
"2026-04-07T16:44:45","Wrapped up the day and the numbers were all good. Whatever those look like."
"2026-04-07T16:53:07","Lunch outside today because the option existed and I took it."
"2026-04-07T16:55:07","April sunshine landed on my face for five minutes and fixed everything."
"2026-04-07T16:55:13","Every step outside in April feels like the right decision."
"2026-04-07T16:55:16","Had a conversation that reminded me how interesting people are."
"2026-04-07T16:59:15","Spring is so insistent about being beautiful and I find it charming."
"2026-04-07T17:05:32","Heard a song today that I hadn't thought about in years. Smiled all the way home."
"2026-04-07T17:13:46","Feeling good about the rhythm of the week."
"2026-04-07T17:23:21","Spring air is doing something real for my general wellbeing."
"2026-04-07T17:24:44","Noticed blossom on a tree I walk past every day. It was always there. I finally looked."
"2026-04-07T17:27:27","Cooked with a new ingredient today. Small adventure, big result."
"2026-04-07T17:46:53","Good week. Good month. Good season. Good."
"2026-04-07T17:48:08","Afternoon sun came through and turned the whole room gold."
"2026-04-07T17:49:53","Spring is here and it's not being quiet about it."
"2026-04-07T18:02:37","Good book, good tea, twenty quiet minutes. Reset complete."
"2026-04-07T18:04:12","Had a quiet moment between tasks and fully appreciated it."
"2026-04-07T18:10:09","Laughed until I couldn't finish my sentence today. Best feeling."
"2026-04-07T18:18:25","Made something from scratch today. Hands-on satisfaction is real."
"2026-04-07T18:36:48","Got outside before it rained. Timing: perfect."
"2026-04-07T18:39:12","Evenings are for winding down gently."
"2026-04-07T18:44:41","Arrived five minutes early to everything today. Exceptional performance."
"2026-04-07T18:56:53","Found the right words for something I'd been struggling to say. Relieved."
"2026-04-07T18:56:55","Grateful for a day that moved at a pace I could enjoy."
"2026-04-07T19:04:01","Spring is the universe's annual vote of confidence."
"2026-04-07T19:37:42","Found the perfect ambient playlist for focused work. Sharing it mentally."
"2026-04-07T19:42:55","April is the month I want the rest of the year to aspire to."
"2026-04-07T19:52:41","Ate something colourful for lunch. Felt immediately healthier."
"2026-04-07T19:54:11","The season has officially turned and my wardrobe is ready."
"2026-04-07T19:57:47","Ending the first week of April feeling proud — and thoroughly pranked."
"2026-04-07T20:08:01","Did the thing I'd been avoiding for a week. Relief is extraordinary."
"2026-04-07T20:13:41","Slept with the window cracked and woke up to morning birds."
"2026-04-07T20:15:54","Grateful for April Fool's Day laughs and the good sports who laugh along."
"2026-04-07T20:16:33","Did something I've been meaning to do for months. Relief + pride combo."
"2026-04-07T20:48:06","April continues to exceed expectations."
"2026-04-07T20:58:24","Today was soft and good in all the right places."
"2026-04-07T20:59:18","Today I was exactly where I was supposed to be."
"2026-04-07T21:14:41","Made peace with something small that had been bothering me. Cleared the air."
"2026-04-07T21:22:05","Wrote a thank you note by hand. Old school and completely worth it."
"2026-04-07T21:22:14","Stayed on top of my water intake today. Small wins count."
"2026-04-07T21:26:53","April light through the curtains is a gentle kind of beautiful."
"2026-04-07T21:34:02","Tried a new tea today. Unexpectedly great. New regular."
"2026-04-07T21:34:59","Walked further than planned and was glad for every extra step."
"2026-04-07T21:41:09","Looking ahead with confidence and calm."
"2026-04-07T21:42:42","Grateful for this season, this week, this small and lovely moment."
"2026-04-07T21:52:51","Called a friend just to say hello. Should do this more often."
"2026-04-07T22:01:36","Had a green light at every junction today. Universe said go."
"2026-04-07T22:09:57","The light this evening was the colour of warm honey."
"2026-04-07T22:13:03","Today's mood: light jacket weather and nowhere I have to be."
"2026-04-07T22:19:28","April sun feels earned after a long winter. Enjoying every ray."
"2026-04-07T22:36:58","Spring reminds you every single day that things grow."
"2026-04-07T22:45:28","Evening bird sounds through an open window. April's lullaby."
"2026-04-07T22:59:12","Felt light today in the best possible way."
"2026-04-07T22:59:30","Spring is basically a standing ovation for winter surviving."
